idx,word,occurrences
0,hour,925
1,cancel,851
2,help,822
3,servic,779
4,delay,771
5,time,752
6,custom,746
7,bag,620
8,call,617
9,im,588
10,wait,585
11,plane,579
12,us,555
13,fli,552
14,hold,551
15,need,535
16,go,514
17,amp,501
18,whi,490
19,cant,462
20,tri,461
21,still,458
22,one,458
23,would,453
24,airlin,448
25,day,441
26,pleas,438
27,back,423
28,gate,422
29,flightl,411
30,make,403
31,dont,400
32,seat,385
33,book,384
34,got,377
35,phone,376
36,ha,371
37,chang,361
38,guy,355
39,like,353
40,check,352
41,today,344
42,late,341
43,$,340
44,ani,338
45,miss,330
46,work,328
47,agent,326
48,ticket,324
49,know,319
50,take,301
51,travel,292
52,way,291
53,airport,288
54,minut,281
55,onli,279
56,board,272
57,say,270
58,want,266
59,great,265
60,never,259
61,ive,259
62,becaus,257
63,problem,256
64,hr,255
65,u,253
66,connect,250
67,min,250
68,even,250
69,last,247
70,tomorrow,243
71,weather,241
72,issu,239
73,good,239
74,realli,238
75,home,235
76,love,233
77,use,233
78,peopl,227
79,look,223
80,rebook,222
81,let,222
82,aa,220
83,see,219
84,email,217
85,sit,217
86,anoth,216
87,unit,214
88,number,209
89,reserv,205
90,told,205
91,new,204
92,give,201
93,luggag,201
94,first,199
95,veri,196
96,crew,194
97,hope,194
98,lost,194
99,passeng,193
100,could,190
101,much,190
102,due,190
103,worst,189
104,dm,189
105,baggag,188
106,someon,187
107,respons,184
108,ever,184
109,ye,183
110,trip,182
111,next,180
112,two,176
113,experi,176
114,tell,174
115,ua,171
116,right,171
117,befor,171
118,didnt,169
119,well,168
120,leav,166
121,line,164
122,keep,162
123,made,161
124,best,160
125,follow,157
126,answer,156
127,onlin,155
128,come,155
129,“,152
130,arriv,151
131,left,151
132,think,150
133,pay,150
134,week,150
135,doe,149
136,better,148
137,land,147
138,sure,147
139,bad,146
140,sent,145
141,hi,145
142,alreadi,145
143,updat,144
144,sinc,142
145,staff,142
146,said,142
147,find,141
148,refund,141
149,long,139
150,ill,138
151,wont,137
152,doesnt,136
153,stuck,135
154,system,135
155,morn,134
156,flightr,134
157,jfk,133
158,tonight,131
159,mile,131
160,w,130
161,flt,129
162,attend,129
163,yet,129
164,websit,128
165,ask,128
166,appreci,128
167,happen,128
168,care,127
169,show,127
170,busi,125
171,hotel,125
172,noth,122
173,fleet,122
174,fleek,121
175,night,119
176,put,118
177,year,118
178,’,117
179,pilot,117
180,air,117
181,disappoint,116
182,fix,116
183,info,116
184,final,116
185,confirm,115
186,jetblu,115
187,upgrad,114
188,credit,113
189,fail,113
190,done,113
191,voucher,112
192,talk,112
193,send,111
194,dfw,111
195,person,111
196,offer,110
197,rude,110
198,avail,109
199,frustrat,109
200,anyth,109
201,charg,108
202,ago,108
203,nice,108
204,thing,107
205,free,105
206,also,104
207,abl,100
208,tweet,99
209,option,99
210,anyon,99
211,pass,98
212,rep,98
213,contact,98
214,employe,97
215,lax,97
216,understand,97
217,awesom,95
218,differ,94
219,point,94
220,start,93
221,phl,92
222,stop,92
223,terribl,92
224,mani,91
225,speak,90
226,claim,90
227,class,90
228,app,90
229,everi,90
230,yesterday,90
231,fee,89
232,team,89
233,statu,89
234,suppos,89
235,wifi,88
236,actual,88
237,suck,88
238,id,87
239,thx,86
240,open,85
241,alway,83
242,receiv,82
243,without,82
244,name,82
245,departur,81
246,couldnt,81
247,earli,80
248,kid,80
249,plan,80
250,deal,79
251,bc,79
252,direct,79
253,sorri,79
254,friend,79
255,schedul,79
256,havent,79
257,site,78
258,reason,78
259,via,77
260,isnt,77
261,amaz,77
262,though,77
263,paid,77
264,seem,76
265,mean,76
266,polici,76
267,job,76
268,sfo,75
269,la,75
270,almost,75
271,chanc,75
272,money,75
273,extra,75
274,lot,75
275,allow,74
276,ridicul,74
277,strand,74
278,provid,74
279,dca,74
280,snow,74
281,pick,73
282,return,73
283,move,73
284,airway,73
285,clt,73
286,took,72
287,american,72
288,messag,72
289,depart,72
290,add,72
291,happi,71
292,account,71
293,ok,71
294,everyon,71
295,hung,71
296,destinationdragon,71
297,unaccept,71
298,ground,71
299,card,70
300,apolog,70
301,repli,70
302,rt,70
303,southwest,70
304,compani,70
305,famili,70
306,member,70
307,mechan,70
308,ord,70
309,possibl,69
310,lose,69
311,dalla,69
312,least,69
313,yall,69
314,instead,69
315,boston,68
316,month,68
317,expect,68
318,run,68
319,wasnt,68
320,tarmac,67
321,feel,67
322,respond,67
323,earlier,67
324,inform,66
325,poor,66
326,denver,66
327,assist,66
328,horribl,66
329,vega,66
330,someth,65
331,stay,65
332,caus,65
333,wife,65
334,cost,65
335,b,65
336,question,64
337,vacat,64
338,full,64
339,found,64
340,treat,64
341,oh,63
342,wrong,63
343,hang,63
344,enough,63
345,serious,62
346,”,62
347,request,62
348,end,62
349,bo,62
350,chicago,61
351,away,61
352,far,61
353,san,61
354,mayb,60
355,three,60
356,desk,60
357,old,60
358,went,60
359,reschedul,59
360,@,59
361,ewr,59
362,count,58
363,price,58
364,past,58
365,wonder,57
366,complet,57
367,ur,57
368,half,57
369,car,57
370,might,56
371,gave,56
372,destin,56
373,handl,56
374,food,56
375,link,56
376,flightlat,56
377,compens,54
378,big,54
379,hey,54
380,nyc,54
381,guess,54
382,pl,53
383,termin,53
384,twitter,53
385,less,53
386,charlott,53
387,switch,52
388,sleep,52
389,may,52
390,iad,52
391,littl,52
392,current,52
393,wors,52
394,twice,51
395,aw,51
396,comput,51
397,drive,51
398,runway,51
399,complaint,51
400,togeth,51
401,given,50
402,longer,50
403,bring,50
404,thru,50
405,lol,49
406,dc,49
407,hear,49
408,els,49
409,intern,49
410,row,49
411,error,49
412,broken,48
413,cool,48
414,place,48
415,idea,48
416,commun,48
417,onc,48
418,around,48
419,rout,47
420,plu,47
421,room,47
422,head,47
423,watch,47
424,citi,47
425,cust,47
426,fare,47
427,soon,46
428,checkin,46
429,thought,46
430,live,46
431,jet,46
432,reach,46
433,disconnect,46
434,heard,46
435,dure,46
436,drop,46
437,second,46
438,lack,45
439,leg,45
440,houston,45
441,carri,45
442,address,45
443,usairway,45
444,total,45
445,believ,45
446,newark,44
447,load,44
448,accept,44
449,process,44
450,weve,44
451,youv,44
452,share,44
453,reflight,43
454,standbi,43
455,figur,43
456,purchas,43
457,life,43
458,origin,43
459,deliv,43
460,explain,43
461,club,42
462,+,42
463,absolut,42
464,phx,42
465,philli,42
466,real,42
467,loyal,42
468,everyth,42
469,joke,42
470,quick,42
471,fll,42
472,form,42
473,announc,41
474,mainten,41
475,hard,41
476,turn,41
477,pm,41
478,close,41
479,locat,41
480,iah,41
481,arent,41
482,wouldnt,41
483,swa,41
484,wast,40
485,file,40
486,worri,40
487,ad,40
488,miami,40
489,wish,40
490,human,40
491,sat,40
492,world,40
493,unitedairlin,39
494,resolv,39
495,refus,39
496,glad,39
497,lga,39
498,usair,39
499,monday,39
500,oper,39
501,na,38
502,flyer,38
503,rather,38
504,blue,38
505,word,38
506,flew,38
507,entir,38
508,ceo,38
509,award,37
510,hate,37
511,companion,37
512,concern,37
513,mess,37
514,screw,37
515,inconveni,37
516,lie,37
517,read,37
518,date,37
519,group,37
520,empti,37
521,correct,36
522,yeah,36
523,bwi,36
524,theyr,36
525,forward,36
526,safe,36
527,list,36
528,fuck,36
529,appar,35
530,kind,35
531,tv,35
532,ruin,35
533,beyond,35
534,taken,35
535,spent,35
536,wow,35
537,tuesday,35
538,futur,35
539,pretti,35
540,counter,34
541,continu,34
542,report,34
543,upset,34
544,okay,34
545,fact,34
546,fine,34
547,suggest,34
548,manag,34
549,sunday,34
550,forc,33
551,detail,33
552,extrem,33
553,easi,33
554,submit,33
555,case,33
556,support,33
557,train,33
558,cross,33
559,super,33
560,fill,33
561,probabl,33
562,whole,33
563,spend,33
564,autom,32
565,delta,32
566,sw,32
567,media,32
568,sever,32
569,relat,32
570,situat,32
571,fault,32
572,luv,32
573,buy,32
574,c,32
575,asap,31
576,unfortun,31
577,either,31
578,shit,31
579,part,31
580,sad,31
581,except,31
582,den,31
583,high,31
584,expir,31
585,atl,31
586,set,31
587,access,31
588,storm,31
589,control,30
590,sign,30
591,inflight,30
592,nashvil,30
593,rdu,30
594,reimburs,30
595,meet,30
596,flown,30
597,post,30
598,promis,30
599,weekend,30
600,cloth,30
601,notic,30
602,bought,30
603,rock,30
604,luck,30
605,cold,30
606,cabin,30
607,supervisor,30
608,front,30
609,record,30
610,customerservic,30
611,transfer,30
612,shouldnt,29
613,loung,29
614,troubl,29
615,daughter,29
616,tsa,29
617,mom,29
618,winter,29
619,readi,29
620,drink,29
621,mco,29
622,safeti,29
623,atam,29
624,huge,29
625,enjoy,29
626,must,28
627,fun,28
628,zero,28
629,folk,28
630,learn,28
631,save,28
632,rate,28
633,wtf,28
634,wed,28
635,accommod,28
636,tire,28
637,bump,28
638,babi,28
639,select,28
640,kudo,28
641,stand,28
642,gold,27
643,multipl,27
644,tix,27
645,water,27
646,crazi,27
647,atlanta,27
648,austin,27
649,orlando,27
650,unabl,27
651,countri,27
652,ppl,27
653,matter,27
654,came,27
655,gt,27
656,ice,27
657,cover,27
658,platinum,27
659,sort,26
660,notif,26
661,win,26
662,mileag,26
663,top,26
664,state,26
665,catch,26
666,prioriti,26
667,mobil,26
668,spoke,26
669,round,26
670,sens,26
671,offic,26
672,despit,26
673,layov,26
674,page,26
675,middl,26
676,meal,26
677,usual,26
678,husband,25
679,saturday,25
680,space,25
681,hello,25
682,cut,25
683,failur,25
684,oscar,25
685,worth,25
686,attempt,25
687,r,25
688,assign,25
689,item,25
690,itinerari,25
691,held,25
692,note,25
693,area,25
694,fl,25
695,requir,25
696,serv,25
697,listen,25
698,child,25
699,secur,24
700,four,24
701,son,24
702,appli,24
703,neveragain,24
704,excus,24
705,honor,24
706,social,24
707,overhead,24
708,news,24
709,passbook,24
710,hand,24
711,code,24
712,overnight,24
713,aircraft,24
714,attitud,24
715,pull,24
716,knew,24
717,yr,24
718,hasnt,24
719,wo,24
720,surpris,24
721,door,24
722,bna,24
723,incompet,24
724,dividend,24
725,birthday,24
726,track,24
727,wall,24
728,seen,24
729,includ,24
730,window,24
731,push,23
732,plz,23
733,virgin,23
734,goe,23
735,short,23
736,blame,23
737,cours,23
738,afternoon,23
739,mention,23
740,excel,23
741,impress,23
742,shame,23
743,friday,23
744,ladi,23
745,prefer,23
746,deserv,23
747,anywher,23
748,choos,23
749,st,23
750,airplan,23
751,nonstop,23
752,letter,23
753,ny,23
754,liter,23
755,bit,23
756,clean,23
757,behind,22
758,friendli,22
759,notifi,22
760,anymor,22
761,flightat,22
762,TRUE,22
763,saw,22
764,none,22
765,volum,22
766,mia,22
767,man,22
768,tag,22
769,atpm,22
770,order,22
771,mind,22
772,mistak,22
773,exist,22
774,non,22
775,feedback,22
776,entertain,22
777,gone,22
778,ride,22
779,small,22
780,hire,22
781,receipt,22
782,nope,22
783,excit,21
784,program,21
785,youll,21
786,sell,21
787,haha,21
788,damag,21
789,gon,21
790,sound,21
791,play,21
792,explan,21
793,text,21
794,clear,21
795,finger,21
796,definit,21
797,enter,21
798,mine,21
799,americanairlin,21
800,n,21
801,anyway,21
802,power,21
803,for+,21
804,choic,21
805,stori,21
806,howev,20
807,consid,20
808,repres,20
809,web,20
810,expens,20
811,improv,20
812,step,20
813,walk,20
814,domest,20
815,earn,19
816,major,19
817,regard,19
818,cs,19
819,break,19
820,philadelphia,19
821,welcom,19
822,svc,19
823,warm,19
824,addit,19
825,mad,19
826,damn,19
827,werent,19
828,reward,19
829,parti,19
830,fan,19
831,callback,19
832,phoenix,19
833,equip,19
834,tmrw,19
835,result,19
836,offici,19
837,hell,19
838,dragon,19
839,bird,19
840,resolut,19
841,disgust,19
842,merg,19
843,incred,19
844,touch,19
845,useless,19
846,fair,19
847,rerout,19
848,nightmar,19
849,dollar,19
850,deic,18
851,match,18
852,slow,18
853,angri,18
854,center,18
855,frequent,18
856,die,18
857,altern,18
858,stuff,18
859,god,18
860,embarrass,18
861,march,18
862,interest,18
863,cater,18
864,appear,18
865,rule,18
866,advisori,18
867,smh,18
868,unhappi,18
869,carrier,18
870,deplan,18
871,complain,18
872,captain,18
873,view,18
874,kept,18
875,btw,18
876,replac,17
877,overbook,17
878,gener,17
879,mexico,17
880,ohar,17
881,video,17
882,avgeek,17
883,trust,17
884,bank,17
885,partner,17
886,usairwaysfail,17
887,gotten,17
888,realiz,17
889,broke,17
890,flightd,17
891,advis,17
892,base,17
893,dmed,17
894,onto,17
895,experienc,17
896,exactli,17
897,rental,17
898,fantast,17
899,posit,17
900,battl,17
901,sister,17
902,pathet,17
903,badservic,17
904,emerg,17
905,children,17
906,solut,17
907,act,17
908,deni,17
909,print,17
910,hit,17
911,carryon,17
912,rememb,17
913,import,16
914,congrat,16
915,bs,16
916,tho,16
917,remind,16
918,south,16
919,patienc,16
920,engin,16
921,coach,16
922,takeoff,16
923,screen,16
924,toward,16
925,bu,16
926,visit,16
927,remov,16
928,level,16
929,sky,16
930,recent,16
931,seriou,16
932,till,16
933,cc,16
934,plenti,16
935,corpor,16
936,sweet,16
937,redeem,16
938,imposs,16
939,conf,16
940,patient,16
941,merger,16
942,midnight,16
943,funer,16
944,feb,16
945,per,16
946,special,16
947,forgot,16
948,fyi,16
949,funni,16
950,suitcas,16
951,dmd,16
952,fit,16
953,premium,16
954,insid,16
955,begin,16
956,especi,16
957,ahead,15
958,unbeliev,15
959,admir,15
960,annoy,15
961,quickli,15
962,stress,15
963,onboard,15
964,snack,15
965,music,15
966,daili,15
967,becom,15
968,brother,15
969,automat,15
970,profession,15
971,lt,15
972,unhelp,15
973,alon,15
974,client,15
975,?,15
976,intl,15
977,game,15
978,sold,15
979,singl,15
980,previou,15
981,ignor,15
982,bother,15
983,fa,15
984,favorit,15
985,diego,15
986,hot,15
987,write,15
988,?,15
989,columbu,15
990,youd,15
991,face,15
992,girl,15
993,rent,15
994,decid,14
995,basic,14
996,theth,14
997,alert,14
998,infant,14
999,forget,14
1000,usa,14
1001,eventu,14
1002,consist,14
1003,shot,14
1004,chairman,14
1005,commerci,14
1006,effort,14
1007,ugh,14
1008,freez,14
1009,condit,14
1010,log,14
1011,school,14
1012,creat,14
1013,sick,14
1014,cheer,14
1015,limit,14
1016,faster,14
1017,degre,14
1018,specif,14
1019,seattl,14
1020,type,14
1021,normal,14
1022,auto,14
1023,amount,14
1024,ball,14
1025,uk,14
1026,bin,14
1027,transport,14
1028,deliveri,14
1029,confus,14
1030,diff,14
1031,coffe,14
1032,internet,14
1033,pleasant,14
1034,park,14
1035,fast,14
1036,treatment,14
1037,along,14
1038,appeas,14
1039,street,14
1040,event,14
1041,perfect,14
1042,clearli,14
1043,mail,14
1044,avoid,14
1045,america,14
1046,cheap,14
1047,bday,14
1048,forhr,14
1049,fall,14
1050,straight,14
1051,beauti,14
1052,legroom,13
1053,abov,13
1054,wan,13
1055,immedi,13
1056,ta,13
1057,stick,13
1058,unprofession,13
1059,badcustomerservic,13
1060,decis,13
1061,discount,13
1062,simpl,13
1063,pit,13
1064,premier,13
1065,divert,13
1066,pre,13
1067,nc,13
1068,prepar,13
1069,florida,13
1070,tampa,13
1071,imagin,13
1072,eat,13
1073,dream,13
1074,courtesi,13
1075,k,13
1076,extend,13
1077,winner,13
1078,somewher,13
1079,discuss,13
1080,yell,13
1081,crash,13
1082,affect,13
1083,economi,13
1084,near,13
1085,charact,13
1086,mileageplu,13
1087,doubl,13
1088,light,13
1089,disappear,13
1090,moment,13
1091,dia,13
1092,wednesday,13
1093,palm,13
1094,omg,13
1095,photo,13
1096,although,13
1097,frm,13
1098,ontim,13
1099,third,13
1100,mother,13
1101,main,13
1102,slc,13
1103,thankyou,13
1104,waiv,12
1105,across,12
1106,shuttl,12
1107,cheaper,12
1108,kill,12
1109,sincer,12
1110,valu,12
1111,fuel,12
1112,sf,12
1113,market,12
1114,brand,12
1115,advanc,12
1116,yo,12
1117,exit,12
1118,spring,12
1119,wheelchair,12
1120,estim,12
1121,comp,12
1122,feet,12
1123,holder,12
1124,acct,12
1125,etc,12
1126,trueblu,12
1127,local,12
1128,sooner,12
1129,opportun,12
1130,buffalo,12
1131,pictur,12
1132,black,12
1133,outsid,12
1134,london,12
1135,ski,12
1136,militari,12
1137,insult,12
1138,iphon,12
1139,pr,12
1140,comfort,12
1141,hook,12
1142,dog,12
1143,within,12
1144,stewardess,12
1145,exampl,12
1146,dept,12
1147,often,12
1148,outstand,12
1149,profit,12
1150,sea,12
1151,dal,12
1152,technic,12
1153,nd,12
1154,design,12
1155,public,12
1156,woman,12
1157,guarante,12
1158,sale,12
1159,arrang,12
1160,journal,12
1161,floor,12
1162,chat,12
1163,red,12
1164,honest,12
1165,million,12
1166,age,12
1167,coupl,12
1168,piec,12
1169,fund,12
1170,attent,12
1171,shock,12
1172,met,12
1173,insan,12
1174,pair,12
1175,accur,11
1176,clue,11
1177,kick,11
1178,rais,11
1179,forev,11
1180,rr,11
1181,respect,11
1182,taxi,11
1183,washington,11
1184,faa,11
1185,paper,11
1186,okc,11
1187,truli,11
1188,pain,11
1189,student,11
1190,nobodi,11
1191,higher,11
1192,speed,11
1193,known,11
1194,bet,11
1195,prompt,11
1196,prevent,11
1197,low,11
1198,nearli,11
1199,e,11
1200,jump,11
1201,solv,11
1202,lead,11
1203,death,11
1204,lower,11
1205,gear,11
1206,ass,11
1207,simpli,11
1208,mint,11
1209,memphi,11
1210,advantag,11
1211,easili,11
1212,worker,11
1213,weight,11
1214,practic,11
1215,exact,11
1216,~,11
1217,eye,11
1218,silver,11
1219,awar,11
1220,beach,11
1221,dull,11
1222,contest,11
1223,comment,11
1224,ah,11
1225,thursday,11
1226,?,11
1227,directli,11
1228,felt,11
1229,beat,11
1230,recommend,11
1231,f,11
1232,star,11
1233,six,11
1234,cab,11
1235,west,11
1236,absurd,10
1237,east,10
1238,kp,10
1239,hundr,10
1240,pdx,10
1241,click,10
1242,nj,10
1243,david,10
1244,assum,10
1245,tough,10
1246,handler,10
1247,summer,10
1248,accord,10
1249,hous,10
1250,rapid,10
1251,coupon,10
1252,retriev,10
1253,afford,10
1254,qualiti,10
1255,perform,10
1256,somehow,10
1257,fire,10
1258,raleigh,10
1259,poorli,10
1260,loyalti,10
1261,movi,10
1262,hawaii,10
1263,ty,10
1264,meant,10
1265,promo,10
1266,search,10
1267,side,10
1268,april,10
1269,defin,10
1270,golf,10
1271,nothappi,10
1272,jetway,10
1273,freak,10
1274,cri,10
1275,interview,10
1276,piss,10
1277,sna,10
1278,rsw,10
1279,cmon,10
1280,bdl,10
1281,yea,10
1282,express,10
1283,logan,10
1284,prior,10
1285,separ,10
1286,flier,10
1287,cmh,10
1288,jblu,10
1289,cell,10
1290,size,10
1291,five,10
1292,yep,10
1293,song,10
1294,releas,10
1295,epicfail,10
1296,certain,10
1297,fort,10
1298,stl,10
1299,inspir,10
1300,elit,10
1301,wheel,10
1302,traffic,10
1303,refer,10
1304,suit,10
1305,properli,10
1306,obvious,10
1307,unreal,10
1308,pbi,10
1309,method,10
1310,jb,10
1311,juan,10
1312,minor,10
1313,nah,10
1314,somebodi,10
1315,poorservic,10
1316,texa,10
1317,yyz,10
1318,disgrac,10
1319,laptop,9
1320,exp,9
1321,function,9
1322,noon,9
1323,easier,9
1324,chair,9
1325,selfi,9
1326,?,9
1327,parent,9
1328,vx,9
1329,otherwis,9
1330,mdw,9
1331,dead,9
1332,drove,9
1333,difficult,9
1334,ran,9
1335,increas,9
1336,california,9
1337,pic,9
1338,rip,9
1339,advertis,9
1340,yay,9
1341,roundtrip,9
1342,sadli,9
1343,carousel,9
1344,garbag,9
1345,precheck,9
1346,dad,9
1347,york,9
1348,upcom,9
1349,road,9
1350,certif,9
1351,io,9
1352,apart,9
1353,pax,9
1354,incid,9
1355,shouldv,9
1356,coat,9
1357,formin,9
1358,mark,9
1359,outlet,9
1360,eta,9
1361,disast,9
1362,procedur,9
1363,midway,9
1364,prove,9
1365,understood,9
1366,miser,9
1367,repair,9
1368,flyingitforward,9
1369,fam,9
1370,belong,9
1371,kiosk,9
1372,review,9
1373,tx,9
1374,sunni,9
1375,promot,9
1376,jan,9
1377,guitar,9
1378,ripoff,9
1379,nasti,9
1380,badli,9
1381,cancun,9
1382,asham,9
1383,finish,9
1384,frozen,9
1385,pvd,9
1386,mon,9
1387,heathrow,9
1388,honeymoon,9
1389,tkt,9
1390,sometim,9
1391,fight,9
1392,stroller,9
1393,em,9
1394,whatev,9
1395,flyfi,8
1396,dinner,8
1397,wout,8
1398,commit,8
1399,exec,8
1400,pa,8
1401,tue,8
1402,action,8
1403,crappi,8
1404,skill,8
1405,understaf,8
1406,warn,8
1407,integr,8
1408,polic,8
1409,industri,8
1410,mr,8
1411,laguardia,8
1412,sight,8
1413,csr,8
1414,dirti,8
1415,p,8
1416,boy,8
1417,refresh,8
1418,present,8
1419,luckili,8
1420,ind,8
1421,jh,8
1422,ft,8
1423,lauderdal,8
1424,wouldv,8
1425,among,8
1426,balanc,8
1427,rough,8
1428,au,8
1429,ipad,8
1430,memori,8
1431,biz,8
1432,hadnt,8
1433,benefit,8
1434,shoe,8
1435,whose,8
1436,thend,8
1437,inbound,8
1438,agre,8
1439,regist,8
1440,bonu,8
1441,msg,8
1442,truck,8
1443,puerto,8
1444,formal,8
1445,canada,8
1446,flightli,8
1447,pack,8
1448,mke,8
1449,aadvantag,8
1450,costum,8
1451,ici,8
1452,ensur,8
1453,august,8
1454,downgrad,8
1455,va,8
1456,hunt,8
1457,breakfast,8
1458,teach,8
1459,repeat,8
1460,english,8
1461,convers,8
1462,brought,8
1463,lame,8
1464,lauren,8
1465,fraud,8
1466,curiou,8
1467,paperwork,8
1468,confer,8
1469,tech,8
1470,personnel,8
1471,abq,8
1472,njb,8
1473,odd,8
1474,disrespect,8
1475,boyfriend,8
1476,featur,8
1477,execut,8
1478,prob,8
1479,compass,8
1480,francisco,8
1481,split,8
1482,assur,8
1483,allianc,8
1484,theyv,8
1485,preboard,8
1486,medic,8
1487,crap,8
1488,rest,8
1489,salt,8
1490,global,8
1491,devic,8
1492,acknowledg,8
1493,pari,8
1494,ourselv,8
1495,bathroom,8
1496,peanut,8
1497,ton,8
1498,outbound,8
1499,perhap,8
1500,queue,8
1501,unavail,8
1502,bf,8
1503,smile,8
1504,develop,8
1505,karen,8
1506,toddler,8
1507,thest,8
1508,metal,8
1509,mci,7
1510,effici,7
1511,ahr,7
1512,est,7
1513,abc,7
1514,elev,7
1515,epic,7
1516,valid,7
1517,plat,7
1518,perk,7
1519,til,7
1520,young,7
1521,outsourc,7
1522,common,7
1523,liveri,7
1524,standard,7
1525,ahold,7
1526,shop,7
1527,europ,7
1528,ric,7
1529,cun,7
1530,heart,7
1531,dtw,7
1532,thepm,7
1533,q,7
1534,forecast,7
1535,challeng,7
1536,download,7
1537,toilet,7
1538,statement,7
1539,equal,7
1540,smooth,7
1541,portland,7
1542,pen,7
1543,reconsid,7
1544,anniversari,7
1545,nexu,7
1546,a+,7
1547,honestli,7
1548,mari,7
1549,unload,7
1550,success,7
1551,collect,7
1552,sun,7
1553,usairwayssuck,7
1554,worstairlineev,7
1555,histori,7
1556,g,7
1557,reinstat,7
1558,horrend,7
1559,father,7
1560,quot,7
1561,lesson,7
1562,pocket,7
1563,shown,7
1564,approv,7
1565,lit,7
1566,badg,7
1567,jacksonvil,7
1568,surgeri,7
1569,shut,7
1570,ring,7
1571,stink,7
1572,whether,7
1573,gross,7
1574,drunk,7
1575,hungri,7
1576,ship,7
1577,irrit,7
1578,unless,7
1579,sjc,7
1580,zone,7
1581,exchang,7
1582,harder,7
1583,?,7
1584,aviat,7
1585,volunt,7
1586,gift,7
1587,theyd,7
1588,unitedsuck,7
1589,fb,7
1590,waterburi,7
1591,republican,7
1592,greet,7
1593,alist,7
1594,period,7
1595,field,7
1596,pt,7
1597,cup,7
1598,wet,7
1599,hpn,7
1600,australia,7
1601,grand,7
1602,delet,7
1603,thnx,7
1604,consider,7
1605,coast,7
1606,nation,7
1607,lhr,7
1608,slept,7
1609,notcool,7
1610,manner,7
1611,john,7
1612,alright,7
1613,privat,7
1614,elsewher,7
1615,cash,7
1616,doubt,7
1617,ual,7
1618,th,7
1619,buf,7
1620,pressur,7
1621,lap,7
1622,lousi,7
1623,jax,7
1624,brutal,7
1625,machin,7
1626,stupid,7
1627,trap,7
1628,lucki,7
1629,seata,7
1630,bypm,7
1631,inch,7
1632,initi,7
1633,pittsburgh,7
1634,lufthansa,7
1635,cuz,7
1636,throw,7
1637,key,7
1638,unfriendlyski,7
1639,?,7
1640,fals,7
1641,certainli,7
1642,remain,7
1643,pray,6
1644,channel,6
1645,wallet,6
1646,tpa,6
1647,plain,6
1648,?,6
1649,spot,6
1650,h,6
1651,explor,6
1652,shitti,6
1653,bummer,6
1654,hou,6
1655,dozen,6
1656,enrout,6
1657,nantucket,6
1658,filmcrew,6
1659,dear,6
1660,staf,6
1661,evalu,6
1662,?,6
1663,bunch,6
1664,cle,6
1665,rectifi,6
1666,courteou,6
1667,whenev,6
1668,weird,6
1669,superior,6
1670,awe,6
1671,resch,6
1672,abil,6
1673,women,6
1674,extens,6
1675,batteri,6
1676,bullshit,6
1677,film,6
1678,chase,6
1679,constant,6
1680,cart,6
1681,transact,6
1682,blog,6
1683,myth,6
1684,?,6
1685,camera,6
1686,circl,6
1687,anytim,6
1688,decemb,6
1689,tick,6
1690,approach,6
1691,hubbi,6
1692,educ,6
1693,fulli,6
1694,browser,6
1695,beer,6
1696,passport,6
1697,heat,6
1698,teen,6
1699,strike,6
1700,hilari,6
1701,mex,6
1702,ca,6
1703,cxl,6
1704,wth,6
1705,savannah,6
1706,advic,6
1707,complimentari,6
1708,valuabl,6
1709,aww,6
1710,model,6
1711,penalti,6
1712,sigh,6
1713,goodwil,6
1714,larg,6
1715,ac,6
1716,unus,6
1717,shout,6
1718,injuri,6
1719,regular,6
1720,esp,6
1721,chi,6
1722,detroit,6
1723,desper,6
1724,combin,6
1725,intent,6
1726,await,6
1727,sju,6
1728,idiot,6
1729,throughout,6
1730,hurt,6
1731,costa,6
1732,rica,6
1733,asleep,6
1734,central,6
1735,rico,6
1736,survey,6
1737,law,6
1738,content,6
1739,hostag,6
1740,bug,6
1741,biggest,6
1742,articl,6
1743,progress,6
1744,magic,6
1745,quit,6
1746,abysm,6
1747,occur,6
1748,eastern,6
1749,neither,6
1750,headach,6
1751,glass,6
1752,scaveng,6
1753,cuba,6
1754,kelli,6
1755,ineffici,6
1756,ff,6
1757,jack,6
1758,dial,6
1759,redirect,6
1760,bar,6
1761,digit,6
1762,seek,6
1763,payment,6
1764,tost,6
1765,wrote,6
1766,guid,6
1767,pend,6
1768,sincepm,6
1769,compliment,6
1770,button,6
1771,danc,6
1772,jacket,6
1773,ep,6
1774,scam,6
1775,wine,6
1776,yvr,6
1777,??,6
1778,ba,6
1779,owe,6
1780,baltimor,6
1781,mech,6
1782,februari,6
1783,map,6
1784,argu,6
1785,aspen,6
1786,huh,6
1787,membership,6
1788,cleveland,6
1789,appal,6
1790,deep,6
1791,x,6
1792,tight,6
1793,scan,6
1794,octob,6
1795,lock,6
1796,airfar,6
1797,document,6
1798,threaten,6
1799,packag,6
1800,physic,6
1801,malfunct,6
1802,?,6
1803,msp,6
1804,yup,6
1805,ps,6
1806,grr,6
1807,birmingham,6
1808,nut,6
1809,disregard,6
1810,natur,6
1811,fav,6
1812,unitedfail,6
1813,decent,6
1814,activ,6
1815,fabul,6
1816,licens,6
1817,tel,6
1818,wake,6
1819,conveni,6
1820,color,6
1821,compar,6
1822,heavi,6
1823,lifetim,6
1824,written,6
1825,typic,6
1826,sarcasm,6
1827,waiver,6
1828,tabl,6
1829,bill,6
1830,chao,6
1831,unlik,6
1832,forth,6
1833,fortun,5
1834,inst,5
1835,pqd,5
1836,colleg,5
1837,stat,5
1838,customerservicefail,5
1839,en,5
1840,lazi,5
1841,wu,5
1842,comm,5
1843,cooki,5
1844,blueman,5
1845,grandma,5
1846,loos,5
1847,crewmemb,5
1848,anxiou,5
1849,recov,5
1850,wind,5
1851,fiancé,5
1852,sympathi,5
1853,appl,5
1854,bhm,5
1855,de,5
1856,van,5
1857,?,5
1858,indic,5
1859,bare,5
1860,june,5
1861,pro,5
1862,athlet,5
1863,race,5
1864,dr,5
1865,dime,5
1866,user,5
1867,conflict,5
1868,mosaic,5
1869,stellar,5
1870,custserv,5
1871,driven,5
1872,pricey,5
1873,pwm,5
1874,journey,5
1875,pleasur,5
1876,nearbi,5
1877,inquir,5
1878,impact,5
1879,hat,5
1880,unreli,5
1881,finest,5
1882,strong,5
1883,segment,5
1884,bay,5
1885,cali,5
1886,angel,5
1887,henc,5
1888,??,5
1889,atlant,5
1890,headphon,5
1891,similar,5
1892,hartford,5
1893,cont,5
1894,suicid,5
1895,buck,5
1896,girlfriend,5
1897,box,5
1898,brilliant,5
1899,inexcus,5
1900,worstairlin,5
1901,station,5
1902,ga,5
1903,anticip,5
1904,sinceam,5
1905,tremend,5
1906,brandmanc,5
1907,robot,5
1908,driver,5
1909,particularli,5
1910,boot,5
1911,negoti,5
1912,flightst,5
1913,purpos,5
1914,tea,5
1915,worthless,5
1916,ogg,5
1917,organ,5
1918,sxm,5
1919,pump,5
1920,nonexist,5
1921,applic,5
1922,remot,5
1923,lisa,5
1924,partnership,5
1925,softwar,5
1926,project,5
1927,alaska,5
1928,gain,5
1929,discov,5
1930,term,5
1931,??,5
1932,misplac,5
1933,hnl,5
1934,atroci,5
1935,signific,5
1936,congratul,5
1937,shoutout,5
1938,password,5
1939,confid,5
1940,paint,5
1941,dumb,5
1942,colleagu,5
1943,juli,5
1944,hub,5
1945,refuel,5
1946,cousin,5
1947,oakland,5
1948,glitch,5
1949,fastest,5
1950,concours,5
1951,lmao,5
1952,upon,5
1953,reliabl,5
1954,depend,5
1955,chariti,5
1956,snowi,5
1957,virginamerica,5
1958,popular,5
1959,mynd,5
1960,dealt,5
1961,lb,5
1962,aisl,5
1963,data,5
1964,nervou,5
1965,faith,5
1966,getaway,5
1967,oneway,5
1968,hassl,5
1969,inde,5
1970,hour+,5
1971,describ,5
1972,scare,5
1973,terri,5
1974,temp,5
1975,theyll,5
1976,canadian,5
1977,aka,5
1978,loui,5
1979,cake,5
1980,cot,5
1981,dming,5
1982,planet,5
1983,bottl,5
1984,fresh,5
1985,cabo,5
1986,?,5
1987,accid,5
1988,cessna,5
1989,stranger,5
1990,revenu,5
1991,vs,5
1992,display,5
1993,disrupt,5
1994,januari,5
1995,china,5
1996,airbu,5
1997,cx,5
1998,frankfurt,5
1999,contract,5
2000,celebr,5
2001,protect,5
2002,laugh,5
2003,turbul,5
2004,involv,5
2005,ramp,5
2006,unexpect,5
2007,shortli,5
2008,bridg,5
2009,roc,5
2010,thena,5
2011,capt,5
2012,albani,5
2013,qualifi,5
2014,cvg,5
2015,maint,5
2016,thehr,5
2017,legal,5
2018,block,5
2019,philippin,5
2020,med,5
2021,aviv,5
2022,disorgan,5
2023,gari,5
2024,weak,5
2025,male,5
2026,facebook,5
2027,loss,5
2028,highli,5
2029,ohio,5
2030,myst,5
2031,southwestairlin,5
2032,rd,5
2033,chose,5
2034,reagan,5
2035,?,5
2036,hdn,5
2037,heck,5
2038,agenc,5
2039,reset,5
2040,lunch,5
2041,worstcustomerservic,5
2042,caller,5
2043,guest,5
2044,spanish,5
2045,neglig,5
2046,btv,5
2047,spoken,5
2048,donat,5
2049,horrid,5
2050,orf,4
2051,beg,4
2052,chrome,4
2053,circumst,4
2054,overal,4
2055,bogota,4
2056,lh,4
2057,proud,4
2058,telephon,4
2059,ph,4
2060,mem,4
2061,awkward,4
2062,cranki,4
2063,jp,4
2064,asset,4
2065,enquir,4
2066,md,4
2067,cracker,4
2068,numer,4
2069,bois,4
2070,chill,4
2071,properti,4
2072,verifi,4
2073,mt,4
2074,dest,4
2075,louisvil,4
2076,charter,4
2077,bae,4
2078,co,4
2079,tone,4
2080,variou,4
2081,?,4
2082,rain,4
2083,visa,4
2084,test,4
2085,debacl,4
2086,sm,4
2087,bike,4
2088,dpt,4
2089,unfriendli,4
2090,random,4
2091,anamarket,4
2092,asshol,4
2093,menu,4
2094,consecut,4
2095,stole,4
2096,pacif,4
2097,prime,4
2098,harbor,4
2099,poorcustomerservic,4
2100,neptun,4
2101,onaug,4
2102,tool,4
2103,fran,4
2104,boss,4
2105,therd,4
2106,?°,4
2107,kc,4
2108,rel,4
2109,spread,4
2110,competitor,4
2111,amex,4
2112,el,4
2113,proper,4
2114,tail,4
2115,dl,4
2116,pant,4
2117,white,4
2118,tab,4
2119,ct,4
2120,jvmchat,4
2121,psp,4
2122,uncomfort,4
2123,ktn,4
2124,firstclass,4
2125,zurich,4
2126,atc,4
2127,beliz,4
2128,unnecessari,4
2129,wear,4
2130,belt,4
2131,sec,4
2132,doug,4
2133,trash,4
2134,pat,4
2135,hardli,4
2136,hop,4
2137,spirit,4
2138,feed,4
2139,cloud,4
2140,input,4
2141,reduc,4
2142,hospit,4
2143,bed,4
2144,fear,4
2145,cert,4
2146,norm,4
2147,classi,4
2148,thek,4
2149,septemb,4
2150,hv,4
2151,orig,4
2152,draw,4
2153,onhold,4
2154,jose,4
2155,notch,4
2156,jeff,4
2157,backup,4
2158,wipe,4
2159,andd,4
2160,emboss,4
2161,patch,4
2162,reli,4
2163,conting,4
2164,nonprofit,4
2165,nola,4
2166,musician,4
2167,transit,4
2168,trade,4
2169,crowd,4
2170,def,4
2171,letsgo,4
2172,aboard,4
2173,aliv,4
2174,inclement,4
2175,incur,4
2176,logist,4
2177,concert,4
2178,ya,4
2179,giant,4
2180,clarifi,4
2181,mood,4
2182,darn,4
2183,fave,4
2184,reunit,4
2185,delight,4
2186,dot,4
2187,?,4
2188,interact,4
2189,oak,4
2190,pop,4
2191,scale,4
2192,nvr,4
2193,photographi,4
2194,msi,4
2195,abandon,4
2196,hahaha,4
2197,rev,4
2198,redcarpet,4
2199,mtg,4
2200,outrag,4
2201,lowest,4
2202,haydensteamboat,4
2203,gladli,4
2204,dri,4
2205,googl,4
2206,?,4
2207,fiasco,4
2208,scott,4
2209,bottom,4
2210,ho,4
2211,bloodi,4
2212,flat,4
2213,essenti,4
2214,investor,4
2215,fat,4
2216,spare,4
2217,usfeb,4
2218,arizona,4
2219,jetba,4
2220,itali,4
2221,regul,4
2222,stun,4
2223,exclus,4
2224,annual,4
2225,disney,4
2226,voic,4
2227,lo,4
2228,wyou,4
2229,marri,4
2230,monitor,4
2231,burn,4
2232,inhr,4
2233,plastic,4
2234,partial,4
2235,measur,4
2236,desktop,4
2237,sayin,4
2238,ali,4
2239,terrif,4
2240,magazin,4
2241,instruct,4
2242,ahhhh,4
2243,dunno,4
2244,relax,4
2245,admit,4
2246,miler,4
2247,snowstorm,4
2248,barbado,4
2249,aggrav,4
2250,join,4
2251,viequ,4
2252,flaw,4
2253,seatc,4
2254,destroy,4
2255,?,4
2256,themselv,4
2257,boo,4
2258,stock,4
2259,overwhelm,4
2260,dissatisfi,4
2261,holiday,4
2262,invit,4
2263,behavior,4
2264,?,4
2265,spell,4
2266,paypal,4
2267,pref,4
2268,utterli,4
2269,restrict,4
2270,itsam,4
2271,uh,4
2272,?,4
2273,nonsens,4
2274,alot,4
2275,lostluggag,4
2276,swap,4
2277,nowher,4
2278,wknd,4
2279,dang,4
2280,greenvil,4
2281,seven,4
2282,risk,4
2283,scream,4
2284,tucson,4
2285,adopt,4
2286,steal,4
2287,unpleas,4
2288,disabl,4
2289,fell,4
2290,bahama,4
2291,cruis,4
2292,luxuri,4
2293,goodby,4
2294,myam,4
2295,div,4
2296,santa,4
2297,whoever,4
2298,antonio,4
2299,lovejetblu,4
2300,itll,4
2301,appropri,4
2302,pet,4
2303,bot,4
2304,shoulder,4
2305,umm,4
2306,?,4
2307,rob,4
2308,nassau,4
2309,goal,4
2310,incent,4
2311,deplor,4
2312,expedit,4
2313,cxld,4
2314,green,4
2315,assault,4
2316,?,4
2317,compet,4
2318,predict,4
2319,besid,4
2320,kindl,4
2321,sop,4
2322,friendlyski,4
2323,indi,4
2324,rush,4
2325,uniform,4
2326,maiden,4
2327,grate,4
2328,po,4
2329,cue,4
2330,rudest,4
2331,punta,4
2332,cana,4
2333,bankrupt,4
2334,centuri,4
2335,couldv,4
2336,ivr,4
2337,flyitforward,4
2338,novemb,4
2339,tourist,4
2340,neglect,4
2341,pound,4
2342,everytim,4
2343,andor,4
2344,earth,4
2345,coincid,4
2346,dispatch,4
2347,difficulti,4
2348,tear,4
2349,yourselv,4
2350,bush,4
2351,investig,4
2352,gr,4
2353,humor,4
2354,lake,4
2355,rare,4
2356,bum,4
2357,relationship,4
2358,dump,4
2359,reflect,4
2360,overmin,4
2361,proactiv,4
2362,wk,4
2363,supposedli,4
2364,hero,4
2365,competit,4
2366,utah,4
2367,miracl,4
2368,folder,4
2369,rang,4
2370,reclin,4
2371,snowboard,4
2372,band,4
2373,restroom,4
2374,snag,4
2375,onth,4
2376,tray,4
2377,untilpm,4
2378,urgent,4
2379,tablet,4
2380,rno,4
2381,gent,4
2382,seg,4
2383,unknown,4
2384,nocustomerservic,4
2385,inappropri,4
2386,?,4
2387,kit,4
2388,febth,4
2389,clarif,4
2390,unawar,4
2391,blow,4
2392,north,4
2393,haul,4
2394,ref,4
2395,allergi,4
2396,flyunit,4
2397,ase,4
2398,j,4
2399,tini,4
2400,gracia,4
2401,overhr,4
2402,wing,4
2403,freq,4
2404,gorgeou,4
2405,woohoo,4
2406,thousand,4
2407,understat,4
2408,furiou,4
2409,manual,4
2410,smell,4
2411,ber,4
2412,charleston,4
2413,nrt,4
